54568;carton a dessin fermeture elastique 26x33 cm 
37721;carton a dessin 32 x 45 cm 
10908;carton a dessin fermeture elastique 37x52 cm 
15972;bloc 40 pages papier dessin canson blanc 120 g format 21x29 7 cm 
15971;bloc 40 pages papier dessin canson blanc 160 g format 24x32 cm 
43001;pochette 12 feuilles papier dessin canson blanc 180 g format 21x29 7 cm 
43002;pochette 12 feuilles papier dessin canson blanc 180 g format 24x32 cm excellence 
43003;pochette 10 feuilles papier dessin canson format 29 7x42 cm 180g excellence 
43004;pochette 12 feuilles a dessin 224g format 24x32 cm excellence 
15977;pochette 12 feuilles a dessin a grain 180 g format 21x29 7 cm assortis 
15974;pochette 12 feuilles a dessin a grain 180 g format 24x32 cm 
15981;pochette 12 feuilles a dessin a grain 224 g format 24x32 cm 
43011;pochette 12 feuilles papier dessin 160g couleur format 24x32 cm teintes vives assorties 
43012;pochette 12 feuilles papier dessin 24x32 cm 160 g teintes pastels assorties noir 
43013;pochette 12 feuilles papier dessin noir format 24x32 cm 160 g 
43005;pochette 12 feuilles papier millimetre 90g format 21x29 7 cm excellence 
43007;pochette 12 feuilles papier calque uni 90 g 21x29 7 cm excellence 
43010;bloc 50 feuilles papier calque uni 90 g 21x29 7 cm excellence 
22744;paquet 10 feuilles calque 70g 24x32 transparent 
82659;boite 12 pastels sec carre assorties 
42776;boite 12 craies pastels a huile couleurs assorties 
28236;boite 12 sticks gouache coloris assortis 
42830;boite 16 crayons a cire 9 cm couleurs assorties 
76627;etui carton 12 crayons triple one 6 25mm assorties 
20291;pochette 12 crayons couleur gros module 
24885;etui 12 crayons couleur hexagonaux giotto mega mine diametre 5 5mm 
51162;pochette 12 crayons couleur ferby triangulaires 12 cm couleurs assorties 
25826;pochette 12 crayons couleur triangulaires pointe large assortis 
51138;tui 12 crayons couleurs volution triangulaire pointe moyenne 
20294;boite 12 crayons couleur majuscule 
4431;pochette 24 crayons couleur majuscule 
16784;pochette 12 crayons couleur giotto colors 3 0 
11688;etui carton recycle 12 crayons couleurs assorties volution 17 5 cm 
11687;tui carton recycle 18 crayons couleurs volution 17 5 cm couleur assorties 
4441;etui 12 crayons couleur evolution illusion 
27419;etui 12 crayons couleur noris colour 185 couleurs assortis 
25823;pochette 12 crayons couleur triangulaires pointe moyenne assortis 
72536;etui 12 crayons couleur noris club aquarell assorties 1 pinceau gratuit 
30420;etui 12 crayons couleur stilnovo assortis 
1676;pochette 12 crayons couleur school peps 
30434;etui 12 crayons couleur stilnovo aquarellables assortis 
20230;pochette boite 12 feutres pointe fine couleurs assorties 
65294;pochette boite 12 feutres coloriage couleurs assorties pointe fine 
19855;pochette boite 12 feutres visa 880 pointe fine couleurs assorties 
19851;pochette boite 18 feutres visa 880 pointe fine couleurs assorties 
65320;pochette boite 12 feutres trio a z pointe fine assortis 
68705;etui boite 12 feutres kid couleurs pointe moyenne 
24911;etui boite 12 feutres giotto turbo advanced pointe moyenne 
65374;pochette boite 12 feutres power pointe moyenne assortis 
42581;pochette boite 12 feutres pointe moyenne couleurs assorties majuscule 
36400;pochette boite 12 feutres school peps 
72539;etui boite 12 feutres pointe moyenne turbo color assortis 
42580;pochette boite 12 maxi feutres pointe large couleurs assorties 
68707;etui boite 12 feutres kid couleurs xl pointe extra large 
19854;pochette boite 12 visacolor xl pointe extra large couleurs assorties 
72540;etui boite 12 feutres turbo maxi assortis 
54138;gobelet boite 12 feutres coloriage triangulaires pointe ogive bleu fonce bleu clair noir roug 
16349;boite 5 tubes 10ml gouache p majuscule couleurs primaires assorties 
16348;boite 10 tubes 10ml gouache p majuscule couleurs assorties 
60372;boite 10 tubes 10 ml gouache p couleurs assorties 
22377;lot 5 tubes 250 ml gouache concentree assortis 
37789;boite 12 godets aquarelle 
33623;boite 12 pastilles gouache 30 mm couleurs assorties 1 pinceau 
16719;palette plastique forme ovale 1 trou 
30176;palette rectangulaire divisee godets 
83236U10;godet anti verse 125 ml 
22571U10;pinceau poney 2 
22572U10;pinceau poney 4 
22573U10;pinceau poney 6 
22574U10;pinceau poney 8 
22575U10;pinceau poney 10 
22576U10;pinceau poney 12 
22577U10;pinceau poney 14 
22578U10;pinceau poney 16 
22579U10;pinceau poney 18 
22580U10;pinceau poney 20 
22581U10;pinceau poney 22 
24147U10;brosse plate soie 2 
24148U10;brosse plate soie 4 
24149U10;brosse plate soie 6 
24150U10;brosse plate soie 8 
24151U10;brosse plate soie 10 
24152U10;brosse plate soie 12 
24153U10;brosse plate soie 14 
24154U10;brosse plate soie 16 
24155U10;brosse plate soie 18 
24156U10;brosse plate soie 20 
24157U10;brosse plate soie 22 
24158U10;brosse ronde soie 6 
24159U10;brosse ronde soie 8 
24160U10;brosse ronde soie 10 
24161U10;brosse ronde soie 12 
24162U10;brosse ronde soie 14 
24163U10;brosse ronde soie 16 
24164U10;brosse ronde soie 18 
24165U10;brosse ronde soie 20 
24166U10;brosse ronde soie 22 
24167U10;brosse ronde soie 24 
22258U12;rouleau a peindre mousse 25 mm manche plastique 
68712U12;rouleau a peindre mousse 45 mm manche plastique 
39291U24;pot 112 grammes play doh 
68238;piqure 32 pages 17x22 cm seyes 90g couverture polypropylene bleu 
68239;piqure 32 pages couverture polypropylene 17x22 cm seyes 90g couverture rouge 
68240;piqure 32 pages couverture polypropylene 17x22 cm seyes 90g couverture vert 
68241;piqure 32 pages couverture polypropylene 17x22 cm seyes 90g couverture jaune 
2825;piqure 32 pages couverture polypropylene format 17x22 cm reglure seyes orange 
5967;piqure 32 pages couverture polypropylene format 17x22 cm reglure seyes rose 
2826;piqure 32 pages couverture polypropylene format 17x22 cm reglure seyes violet 
68242;piqure 48 pages couverture polypropylene format 17x22 cm seyes coloris bleu 
68243;piqure 48 pages couverture polypropylene format 17x22 cm seyes coloris rouge 
68244;piqure 48 pages couverture polypropylene format 17x22 cm seyes coloris vert 
68245;piqure 48 pages couverture polypropylene format 17x22 cm seyes coloris jaune 
72201;piqure 48 pages couverture polypropylene format 17x22 cm seyes coloris orange 
14455;piqure 48 pages couverture polypropylene format 17x22 cm seyes coloris rose 
72200;piqure 48 pages couverture polypropylene format 17x22 cm seyes coloris violet 
79852;piqure 48 pages couverture polypropylene format 17x22 cm seyes coloris gris perle 
79851;piqure 48 pages couverture polypropylene format 17x22 cm seyes incolore 
68246;piqure 64 pages couverture polypropylene 17x22 cm seyes 90g couverture bleu 
68247;piqure 64 pages couverture polypropylene 17x22 cm seyes 90g couverture rouge 
68248;piqure 64 pages couverture polypropylene 17x22 cm seyes 90g couverture vert 
68249;piqure 64 pages couverture polypropylene 17x22 cm seyes 90g couverture jaune 
2827;piqure 64 pages couverture polypropylene format 17x22 cm reglure seyes orange 
5979;piqure 64 pages couverture polypropylene format 17x22 cm reglure seyes rose 
2828;piqure 64 pages couverture polypropylene format 17x22 cm reglure seyes violet 
68253;piqure 96 pages couverture polypropylene format 17x22 cm seyes coloris bleu 
68254;piqure 96 pages couverture polypropylene 17x22 cm seyes 90g couverture rouge 
68255;piqure 96 pages couverture polypropylene 17x22 cm seyes 90g couverture vert 
68256;piqure 96 pages couverture polypropylene 17x22 cm seyes 90g couverture jaune 
14458;piqure 96 pages couverture polypropylene format 17x22 cm seyes coloris rose 
72198;piqure 96 pages couverture polypropylene 17x22 cm seyes 90g couverture violet 
72199;piqure 96 pages couverture polypropylene 17x22 cm seyes 90g couverture orange 
79854;piqure 96 pages couverture polypropylene 17x22 cm seyes 90g couverture gris perle 
79853;piqure 96 pages couverture polypropylene incolore format 17x22 cm seyes 
89625;piqure 192 pages couverture polypropylene incolore format 17x22 cm seyes 
26969;piqure 48 pages couverture polypropylene a4 21x297 cm seyes 90g couverture bleu 
26970;piqure 48 pages couverture polypropylene a4 21x297 cm seyes 90g couverture rouge 
26971;piqure 48 pages couverture polypropylene a4 21x297 cm seyes 90g couverture vert 
26972;piqure 48 pages couverture polypropylene a4 21x297 cm seyes 90g couverture jaune 
5980;piqure 48 pages couverture polypropylene format a4 reglure seyes rose 
2829;piqure 48 pages couverture polypropylene format a4 reglure seyes orange 
2830;piqure 48 pages couverture polypropylene format a4 reglure seyes violet 
68257;piqure 96 pages couverture polypropylene a4 seyes 90g couverture bleu 
68258;piqure 96 pages couverture polypropylene a4 seyes 90g couverture rouge 
68259;piqure 96 pages couverture polypropylene a4 seyes 90g couverture vert 
68260;piqure 96 pages couverture polypropylene a4 seyes 90g couverture jaune 
14460;piqure 96 pages couverture polypropylene format 21x29 7 cm seyes coloris rose 
83202;piqure 96 pages couverture polypropylene a4 seyes 90g couverture violet 
83203;piqure 96 pages couverture polypropylene a4 seyes 90g couverture orange 
83204;piqure 96 pages couverture polypropylene a4 seyes 90g couverture gris 
83205;piqure 96 pages couverture polypropylene a4 seyes 90g couverture incolore 
22134;piqure 48 pages couverture polypropylene format 24x32 cm seyes coloris bleu 
22135;piqure 48 pages couverture polypropylene 24x32cm seyes 90g couverture rouge 
22136;piqure 48 pages couverture polypropylene 24x32cm seyes 90g couverture vert 
22137;piqure 48 pages couverture polypropylene 24x32cm seyes 90g couverture jaune 
14465;piqure 48 pages couverture polypropylene format 24x32 cm seyes coloris rose 
30899;piqure 48 pages couverture polypropylene 24x32cm seyes 90g couverture violet 
30900;piqure 48 pages couverture polypropylene 24x32cm seyes 90g couverture orange 
30901;piqure 48 pages couverture polypropylene 24x32cm seyes 90g couverture gris 
30902;piqure 48 pages couverture polypropylene 24x32cm seyes 90g couverture incolore 
68261;piqure 96 pages couverture polypropylene format 24x32 cm seyes coloris bleu 
68262;piqure 96 pages couverture polypropylene format 24x32 cm seyes coloris rouge 
68263;piqure 96 pages couverture polypropylene format 24x32 cm seyes coloris vert 
68264;piqure 96 pages couverture polypropylene format 24x32 cm seyes coloris jaune 
14466;piqure 96 pages couverture polypropylene format 24x32 cm seyes coloris rose 
79855;piqure 96 pages couverture polypropylene format 24x32 cm seyes coloris violet 
79856;piqure 96 pages couverture polypropylene format 24x32 cm seyes coloris orange 
79857;piqure 96 pages couverture polypropylene format 24x32 cm seyes incolore 
79858;piqure 96 pages couverture polypropylene format 24x32 cm seyes coloris gris perle 
26974;piqure 140 pages couverture polypropylene format 24x32cm seyes 90g couverture bleu 
26975;piqure 140 pages couverture polypropylene format 24x32cm seyes 90g couverture rouge 
26976;piqure 140 pages couverture polypropylene format 24x32cm seyes 90g couverture vert 
26977;piqure 140 pages couverture polypropylene format 24x32cm seyes 90g couverture jaune 
2831;piqure 140 pages couverture polypropylene format 24x32 cm reglure seyes incolore 
89623;piqure 192 pages couverture polypropylene incolore format 24x32 cm seyes 
9857;cahier pique 96 pages 3 index couverture polypropylene format 17x22 cm seyes 
9859;cahier pique 96 pages 4 index couverture polypropylene format 17x22 cm seyes 
9862;cahier pique 140 pages 4 index couverture polypropylene format 17x22 cm seyes 
81597;piqure 96 pages a4 5x5 90g couverture polypropylene incolore 
9860;cahier pique 96 pages 4 index couverture polypropylene format a4 seyes 
28662;piqure 48 pages couverture polypropylene incolore format 24x32 cm quadrille 5x5 papier 90g 
9121;piqure 96 pages couverture polypropylene format 24x32 cm 5x5 coloris bleu 
9122;piqure 96 pages couverture polypropylene format 24x32 cm 5x5 coloris rouge 
9124;piqure 96 pages couverture polypropylene format 24x32 cm 5x5 coloris jaune 
9123;piqure 96 pages couverture polypropylene format 24x32 cm 5x5 coloris vert 
81598;piqure 96 pages couverture polypropylene format 24x32 cm quadrille 5x5 incolore 
9858;cahier pique 96 pages 3 index couverture polypropylene format 24x32 cm seyes 
9861;cahier pique 96 pages 4 index couverture polypropylene format 24x32 cm seyes 
9863;cahier pique 140 pages 4 index couverture polypropylene format 24x32 cm seyes 
85964;cahier travaux pratiques piqure 48 pages 24 pages seyes 90g 24 pages dessin 17x22 cm couvert 
72207;cahier travaux pratiques piqure 64 pages 32 pages seyes 90g 32 pages dessin 17x22 cm couvert 
72208;cahier travaux pratiques piqure 96 pages 48 pages seyes 90g 48 pages dessin 21x29 7 cm couve 
85965;cahier travaux pratiques piqure 48 pages 24 pages seyes 90g 24 pages dessin format 24x32 cm 
72209;cahier travaux pratiques piqure 96 pages 48 pages seyes 90g 48 pages dessin 24x32 cm couvert 
63134;piqure 96 pages couverture polypropylene 24x32cm uni 90g 
76307;cahier poesie 48 pages seyes 90g uni 90g format 17x22 cm couverture polypropylene incolore 
89627;cahier poesie 48 pages seyes 90g uni 120g format 17x22 cm couverture polypropylene incolore 
85963;cahier poesie 48 pages seyes 90g uni 120g format 21x29 7 cm couverture polypropylene incolore 
79859;cahier poesie 96 pages seyes 90g uni 90g format 21x29 7 cm couverture polypropylene incolore 
32543;cahier poesie 48 pages seyes 90g uni 90g format 24x32 cm couverture polypropylene incolore 
79860;cahier dessin 32 pages 17x22 cm uni 90g couverture polypropylene incolore 
79861;cahier dessin 48 pages 24x32 cm uni 120g couverture polypropylene incolore 
32544;cahier dessin 96 pages 24x32 cm uni 120g couverture polypropylene incolore 
16201;piqure 48 pages couverture polypropylene 2 rabats format 17x22 cm seyes coloris bleu 
16202;piqure 48 pages couverture polypropylene 2 rabats format 17x22 cm seyes coloris rouge 
16203;piqure 48 pages couverture polypropylene 2 rabats format 17x22 cm seyes coloris vert 
16204;piqure 48 pages couverture polypropylene 2 rabats format 17x22 cm seyes coloris jaune 
16205;piqure 48 pages couverture polypropylene 2 rabats format 17x22 cm seyes incolore 
16206;piqure 96 pages couverture polypropylene 2 rabats format 17x22 cm seyes coloris bleu 
16207;piqure 96 pages couverture polypropylene 2 rabats format 17x22 cm seyes coloris rouge 
16208;piqure 96 pages couverture polypropylene 2 rabats format 17x22 cm seyes coloris vert 
16209;piqure 96 pages couverture polypropylene 2 rabats format 17x22 cm seyes jaune 
16210;piqure 96 pages couverture polypropylene 2 rabats format 17x22 cm seyes incolore 
14474;cahier a reliure integrale couverture polypropylene 100 pages format 17x22 cm seyes coloris assort 
64084;cahier a reliure integrale couverture polypropylene 100 pages format 17x22 cm 5x5 
14485;cahier a reliure integrale 100 pages a4 seyes couverture polypropylene 
14487;cahier a reliure integrale couverture polypropylene 180 pages format a4 seyes 
64085;cahier a reliure integrale couverture polypropylene 100 pages format a4 5x5 
64086;cahier a reliure integrale couverture polypropylene 180 pages format a4 5x5 
16211;piqure 48 pages couverture polypropylene 2 rabats format 24x32 cm seyes bleu 
16212;piqure 48 pages couverture polypropylene 2 rabats format 24x32 cm seyes rouge 
16213;piqure 48 pages couverture polypropylene 2 rabats format 24x32 cm seyes vert 
16214;piqure 48 pages couverture polypropylene 2 rabats format 24x32 cm seyes jaune 
9897;piqure 48 pages couverture polypropylene 2 rabats format 24x32 cm seyes incolore 
16215;piqure 96 pages couverture polypropylene 2 rabats format 24x32 cm seyes bleu 
16216;piqure 96 pages couverture polypropylene 2 rabats format 24x32 cm seyes rouge 
16217;piqure 96 pages couverture polypropylene 2 rabats format 24x32 cm seyes vert 
16218;piqure 96 pages couverture polypropylene 2 rabats format 24x32 cm seyes jaune 
16219;piqure 96 pages couverture polypropylene 2 rabats format 24x32 cm seyes incolore 
24584;cahier texte 17x22 cm seyes reliure integrale 124 pages blanc 90g 
47796;cahier texte a reliure integrale 124 pages format 17x22 cm reglure seyes papier blanc 70g 
2529;piqure 96 pages couverture polypropylene 2 rabats format 24x32 cm quadrille 5x5 incolore 
72567;agenda journalier septembre a aout 11 5x 17cm spirale wire o assorti 
53572;agenda scolaire 17x22 cm 80 pages agrafees couverture dossier 250g 
44280;agenda septembre a aout 11 5 x 17 cm motif planete 
30456;agenda septembre a aout 1 page jour 11 5 x 17 cm motif maisons 
10644;cahier maternelle 1 page lignee 1 page blanche 90 g piqure 32 pages 17x22 cm travers 18 mm uni 
10641;piqure 32 pages 17x22 cm double ligne 3 mm interligne verticale uni 90 g 
10642;cahier maternelle 1 page lignee 1 page blanche 90 g piqure 32 pages 17x22 cm double ligne 4 mm int 
10643;cahier maternelle 1 page lignee 1 page blanche 90 g piqure 32 pages 17x22 cm double ligne 5 mm int 
76308;piqure 32 pages 17x22 cm double ligne 3 mm interligne verticale papier 90g couverture polyprop 
76309;piqure 32 pages 17x22 cm seyes 2 5 mm papier 90g couverture polypropylene semi rigide bleu 
76310;piqure 32 pages 17x22 cm seyes 3 mm papier 90g couverture polypropylene semi rigide vert 
37994;cahier apprentissage piqure 32 pages format 17 x 22 cm reglure maternelle double ligne 2 mm 
10539;cahier apprentissage piqure 32 pages format 17 x 22 cm reglure maternelle double ligne 3 mm 
10541;piqure 32 pages format 17x22 cm reglure secail 2 5 mm 
35268;cahier apprentissage piqure 32 pages format 17 x 22 cm reglure seyes 2 5 mm 
10540;cahier apprentissage piqure 32 pages format 17 x 22 cm reglure seyes 3 mm 
35269;cahier apprentissage piqure 32 pages format 17 x 22 cm reglure seyes 4 mm 
22566U20;cahier brouillon 48 pages 17x22 cm 
22570U10;cahier brouillon 96 pages 17x22 cm 
03164U10;cahier brouillon 96 pages seyes 56g 17x22 100 recycle 
03163U20;cahier brouillon 48 pages seyes 56g 17x22 100 recycle 
47802;cahier dessin 16 pages format 17x22 cm papier blanc uni 90g 
76672;cahier dessin 32 pages format 17x22 cm papier blanc uni 90g 
39120;cahier dessin 32 pages format 17x22 cm papier blanc uni 120g 
47804;cahier dessin 16 pages format 24x32 cm papier blanc uni 120g 
22132;cahier dessin 96 pages format 24x32 cm papier blanc uni 120g 
47805;album collages 48 pages 24x32 cm uni blanc papier 70 g 
47806;album collages 96 pages 24x32 cm uni blanc papier 70 g 
35332;piqure musique chant 17x22 cm 48 pages 24 pages seyes 24 pages portees 70g 
35331;piqure musique chant 21x29 7 cm 48 pages 24 pages seyes 24 pages portees 70g 
27949;cahier devoirs piqure 32 pages 17x22 cm seyes 90g 
27950;cahier devoirs piqure 48 pages 17x22 cm seyes 90g 
27951;cahier devoirs piqure 60 pages 17x22 cm seyes 90g 
27952;cahier devoirs piqure 96 pages 17x22 cm seyes 90g 
10530;cahier a reliure integrale 180 pages format 21 x 29 7 cm seyes papier 70g 
10529;cahier a reliure integrale 100 pages format 21 x 29 7 cm quadrille 5 x 5 papier 70g 
10531;cahier a reliure integrale 180 pages format 21 x 29 7 cm quadrille 5 x 5 papier 70g 
47792;cahier brochure 192 pages format 17x22 cm reglure seyes papier 70g 
10588;brochure 192 pages 21x29 7 cm seyes 
47793;cahier brochure 192 pages format 21x29 7 cm reglure seyes papier 70g 
47794;cahier brochure 192 pages format 21x29 7 cm quadrille 5x5 papier 70g 
27955;cahier devoirs piqure 48 pages 24x32 cm seyes 90g 
27956;cahier devoirs piqure 96 pages 24x32 cm seyes 90g 
47789;cahier piqure 48 pages format 24x32 cm seyes papier 70g 
64167;cahier piqure 96 pages format 24x32 cm seyes papier 70g 
47865;cahier piqure 192 pages format 24x32 cm seyes papier 70g 
47795;cahier brochure 192 pages format 24x32 cm reglure seyes papier 70g 
10582;cahier a reliure integrale 100 pages 24x32 cm seyes 
31628;cahier a reliure integrale 100 pages format 24x32 cm seyes papier 70 g 
10532;cahier a reliure integrale 180 pages format 24x32 cm seyes papier 70 g 
55637;cahier brochure normalise 192 pages format 24 x 32 cm reglure 5 x 5 papier 70g 
46002;cahier travaux pratiques piqure 32 pages format 22x17 cm a italienne papier 70g uni blanc 
47797;cahier travaux pratiques piqure 48 pages format 17 x 22 cm 
47798;cahier travaux pratiques piqure 64 pages format 17 x 22 cm 
47799;cahier travaux pratiques piqure 96 pages format 17 x 22 cm 
47800;cahier travaux pratiques piqure 48 pages format a4 
68893;cahier travaux pratiques piqure 64 pages format a4 
47801;cahier travaux pratiques piqure 96 pages format a4 
47864;cahier travaux pratiques piqure 96 pages format 24x32 cm 
18129;repertoire pique 96 pages format 9 x 14 cm quadrille 5x5 
47863;repertoire pique 96 pages format 11x17 cm quadrille 5x5 
24587;repertoire pique 96 pages 11x17 cm seyes 90 g 
20200;repertoire pique 96 pages format 17 x 22 cm quadrille 5x5 
18133;repertoire a reliure integrale 180 pages format 11 x 17 cm quadrille 5x5 
18134;repertoire a reliure integrale 180 pages format 14 8 x 21 cm quadrille 5x5 
10666;carnet pique 96 pages format 9x14 cm quadrille 5x5 papier 70 g 
83200;carnet pique polypropylene 96 pages 9x14 cm 5x5 90 g 
10667;carnet pique 96 pages format 11x17 cm quadrille 5x5 papier 70 g 
83201;carnet pique polypropylene 96 pages 11x17 cm 5x5 90 g 
56879;carnet pique 96 pages 11x17 cm seyes 
10670;carnet a reliure integrale 100 pages format 9x14 cm quadrille 5x5 papier 70 g 
10673;carnet a reliure integrale 100 pages format 11x17 cm quadrille 5x5 papier 70 g 
12466U10;protege cahier couverture epaisseur 21 100eme 17x22 cm pvc bleu clair 
12467U10;protege cahier couverture epaisseur 21 100eme 17x22 cm pvc bleu 
12468U10;protege cahier couverture epaisseur 21 100eme 17x22 cm pvc noir 
12469U10;protege cahier couverture epaisseur 21 100eme 17x22 cm pvc rouge 
12470U10;protege cahier couverture epaisseur 21 100eme 17x22 cm pvc vert 
12471U10;protege cahier couverture epaisseur 21 100eme 17x22 cm pvc jaune 
12472U10;protege cahier couverture epaisseur 21 100eme 17x22 cm pvc orange 
02198U10;protege cahier couverture rabats 21 x 29 7 cm vert 
02199U10;protege cahier couverture rabats 21 x 29 7 jaune 
02201U10;protege cahier couverture rabats 21 x 29 7 noir 
02200U10;protege cahier couverture rabats 21 x 29 7 violet 
12482U10;protege cahier couverture epaisseur 21 100eme 24x32cm pvc bleu clair 
12483U10;protege cahier couverture epaisseur 21 100eme 24x32cm pvc bleu 
12484U10;protege cahier couverture epaisseur 21 100eme 24x32cm pvc rouge 
12485U10;protege cahier couverture epaisseur 21 100eme 24x32cm pvc jaune 
12486U10;protege cahier couverture epaisseur 21 100eme 24x32cm pvc orange 
12487U10;protege cahier couverture epaisseur 21 100eme 24x32cm pvc violet 
12488U10;protege cahier couverture epaisseur 21 100eme 24x32cm pvc vert 
02202U10;protege cahier couverture rabats 24 x 32 bleu 
02205U10;protege cahier couverture rabats 24 x 32 jaune 
02203U10;protege cahier couverture rabats 24 x 32 rouge 
02204U10;protege cahier couverture rabats 24 x 32 vert 
02207U10;protege cahier couverture rabats 24 x 32 noir 
02206U10;protege cahier couverture rabats 24 x 32 violet 
12459U10;protege cahier couverture epaisseur 21 100eme 17x22cm pvc cristal incolore 
12460U10;protege cahier couverture epaisseur 21 100eme 21x29 7cm pvc cristal incolore 
12461U10;protege cahier couverture 24x32 cm pvc 21 100eme cristal incolore 
30816;rouleau plastique incolore qualite superieure pvc 40 cm x 5 5 epaisseur 8 100eme 
48654;protege documents couverture souple polypropylene 20 vues bleu porte vues
48653;protege documents couverture souple polypropylene 20 vues noir porte vues
70208;protege documents couverture souple polypropylene 20 vues rouge porte vues
70209;protege documents couverture souple polypropylene 20 vues vert porte vues
48656;protege documents couverture souple polypropylene 40 vues bleu porte vues
48655;protege documents couverture souple polypropylene 40 vues noir porte vues
70210;protege documents couverture souple polypropylene 40 vues rouge porte vues
70211;protege documents couverture souple polypropylene 40 vues vert porte vues
48658;protege documents couverture souple polypropylene 60 vues bleu porte vues
48657;protege documents couverture souple polypropylene 60 vues noir porte vues
70212;protege documents couverture souple polypropylene 60 vues rouge porte vues
70213;protege documents couverture souple polypropylene 60 vues vert porte vues
48660;protege documents couverture souple polypropylene 80 vues bleu porte vues
48659;protege documents couverture souple polypropylene 80 vues noir porte vues
70214;protege documents couverture souple polypropylene 80 vues rouge porte vues
70215;protege documents couverture souple polypropylene 80 vues vert porte vues
48662;protege documents couverture souple polypropylene 100 vues bleu porte vues
48661;protege documents couverture souple polypropylene 100 vues noir porte vues
70216;protege documents couverture souple polypropylene 100 vues rouge porte vues
70217;protege documents couverture souple polypropylene 100 vues vert porte vues
48664;protege documents couverture souple polypropylene 120 vues bleu porte vues
48663;protege documents couverture souple polypropylene 120 vues noir porte vues
48547;protege documents couverture souple polypropylene 160 vues bleu porte vues
50813;protege documents couverture souple polypropylene 160 vues noir porte vues
48548;protege documents couverture souple polypropylene 200 vues bleu porte vues
48543;protege documents couverture souple polypropylene 200 vues noir porte vues
83673U25;protege documents couverture souple polypropylene 20 vues porte vues
76146U30;protege documents couverture souple polypropylene 40 vues porte vues
76147U30;protege documents couverture souple polypropylene 60 vues porte vues
76148U30;protege documents couverture souple polypropylene 80 vues porte vues
76149U30;protege documents couverture souple polypropylene 100 vues porte vues
76150U20;protege documents couverture souple polypropylene 120 vues porte vues
9281;protege documents color fresh 40 vues bleu porte vues
9282;protege documents color fresh 40 vues vert porte vues
9283;protege documents color fresh 40 vues rouge porte vues
9284;protege documents color fresh 40 vues jaune orange porte vues
9285;protege documents color fresh 40 vues rose porte vues
9286;protege documents color fresh 60 vues bleu porte vues
9287;protege documents color fresh 60 vues vert porte vues
9288;protege documents color fresh 60 vues rouge porte vues
9289;protege documents color fresh 60 vues jaune orange porte vues
9290;protege documents color fresh 60 vues rose porte vues
9291;protege documents color fresh 80 vues bleu porte vues
9292;protege documents color fresh 80 vues vert porte vues
9293;protege documents color fresh 80 vues rouge porte vues
9294;protege documents color fresh 80 vues jaune orange porte vues
9295;protege documents color fresh 80 vues rose porte vues
02839U10;protege documents color fresh 100 vues translucide coloris aleatoires porte vues
02840U10;protege documents color fresh 120 vues translucide coloris aleatoires porte vues
02841U10;protege documents color fresh 160 vues translucide coloris aleatoires porte vues
02842U05;protege documents color fresh 200 vues translucides coloris aleatoires porte vues
67269;protege documents personnalisable 20 pochettes 40 vues format a4 21x29 7 cm incolore porte vues
67272;protege documents personnalisable 40 pochettes 80 vues format a4 21x29 7 cm incolore porte vues
53153;protege documents personnalisable 60 pochettes 120 vues format a4 21x29 7 cm porte vues
67274;protege documents personnalisable 60 pochettes 120 vues format a4 21x29 7 cm incolore porte vues
48754;protege documents personnalisable 40 vues porte vues
48755;protege documents personnalisable 60 vues porte vues
48756;protege documents personnalisable 80 vues porte vues
25380;protege documents personnalisable 100 vues porte vues
11162;classeur ecolier polypropylene opaque format a classer 17x22 cm 2 anneaux ronds diametre 15 mm 
72745;classeur 2 anneaux ronds diametre 30 mm dos 40 mm couverture carton recouvert polypropylene 
9296;classeur polypropylene color fresh format a4 dos 2 cm bleu 
9297;classeur polypropylene color fresh format a4 dos 2 cm vert 
9298;classeur polypropylene color fresh format a4 dos 2 cm rouge 
9299;classeur polypropylene color fresh format a4 dos 2 cm jaune orange 
9300;classeur polypropylene color fresh format a4 dos 2 cm violet 
74802;classeur polypropylene 5 10eme 4 anneaux ronds diametre 16mm format a4 blanc 
74803;classeur polypropylene 5 10eme 4 anneaux ronds diametre 16mm format a4 noir 
74804;classeur polypropylene 5 10eme 4 anneaux ronds diametre 16mm format a4 bleu roi 
74805;classeur polypropylene 5 10eme 4 anneaux ronds diametre 16mm format a4 bleu azur 
74806;classeur polypropylene 5 10eme 4 anneaux ronds diametre 16mm format a4 gris 
74807;classeur polypropylene 5 10eme 4 anneaux ronds diametre 16mm format a4 rouge 
74808;classeur polypropylene 5 10eme 4 anneaux ronds diametre 16mm format a4 vert anglais 
74809;classeur polypropylene 5 10eme 4 anneaux ronds diametre 16mm format a4 vert lagon 
74810;classeur polypropylene 5 10eme 4 anneaux ronds diametre 16mm format a4 jaune 
74811;classeur polypropylene 5 10eme 4 anneaux ronds diametre 16mm format a4 lilas 
16959;classeur polypropylene 5 10eme 4 anneaux ronds diametre 16mm format a4 orange 
11163;classeur polypropylene opaque format a4 4 anneaux ronds diametre 15 mm dos 20 mm 
68907;classeur polypropylene semi rigide 4 anneaux ronds format a4 bleu clair 
68908;classeur polypropylene semi rigide 4 anneaux ronds format a4 noir 
68909;classeur polypropylene semi rigide 4 anneaux ronds format a4 rouge 
68910;classeur polypropylene semi rigide 4 anneaux ronds format a4 vert fonce 
68911;classeur polypropylene semi rigide 4 anneaux ronds format a4 jaune 
27544U20;classeur polypropylene 27x32 cm 4 anneaux ronds diametre 30 mm dos 40 mm 
9302;classeur polypropylene color fresh format a4 dos 4 cm bleu 
9306;classeur polypropylene color fresh format a4 dos 4 cm jaune orange 
9305;classeur polypropylene color fresh format a4 dos 4 cm rouge 
9304;classeur polypropylene color fresh format a4 dos 4 cm vert 
9308;classeur polypropylene color fresh format a4 dos 4 cm violet 
48508;classeur plastifie format a4 4 anneaux ronds diametre 30 mm dos 40 mm bleu 
48509;classeur plastifie format a4 4 anneaux ronds diametre 30 mm dos 40 mm noir 
48510;classeur plastifie format a4 4 anneaux ronds diametre 30 mm dos 40 mm rouge 
48511;classeur plastifie format a4 4 anneaux ronds diametre 30 mm dos 40 mm vert 
82897;classeur plastifie format a4 4 anneaux ronds diametre 30 mm dos 40 mm jaune 
27545U20;classeur remborde polypropylene format a classer a4 4 anneaux ronds diametre 30 mm dos 40 mm 4 color 
64139;classeur a levier carton gris format a4 dos 5 cm 
64140;classeur a levier carton gris format a4 dos 7 cm 
13646;classeur fichier balacron 2 anneaux ronds diametre 25 mm dos 40 mm format a5 a classer 14 8x21 
39675;classeur personnalisable polypropylene blanc dos 2cm 21x29 7 
67264;classeur transparent bleu polyvision personnalisable dos 2cm 4 anneaux 21x29 7 
67265;classeur transparent incolore polyvision personnalisable dos 2cm 4 anneaux 21x29 7 
67267;classeur transparent incolore polyvision personnalisable dos 3cm 4 anneaux 21x29 7 
67266;classeur transparent bleu polyvision personnalisable dos 3cm 4 anneaux 21x29 7 
66925;classeur a levier blanc personnalisable dos 7 cm 
20817;classeur a levier format 21x29 7 cm dos 50 mm blanc 
20818;classeur a levier format 21x29 7 cm dos 50 mm bleu 
27962;classeur a levier format 21x29 7 cm dos 50 mm bleu clair 
30907;classeur a levier format 21x29 7 cm dos 50 mm gris 
20822;classeur a levier format 21x29 7 cm dos 50 mm jaune 
27961;classeur a levier format 21x29 7 cm dos 50 mm lilas 
20819;classeur a levier format 21x29 7 cm dos 50 mm noir 
20820;classeur a levier format 21x29 7 cm dos 50 mm rouge 
20821;classeur a levier format 21x29 7 cm dos 50 mm vert 
27963;classeur a levier format 21x29 7 cm dos 50 mm vert clair 
62290;classeur a levier format 21x29 7 cm dos extra large 80 mm blanc 
64199;classeur a levier format 21x29 7 cm dos extra large 80 mm bleu 
20823;classeur a levier format 21x29 7 cm dos extra large 80 mm bleu clair 
25975;classeur a levier format 21 x 29 7 cm dos extra large 80 mm framboise 
25976;classeur a levier format 21 x 29 7 cm dos extra large 80 mm gris 
64203;classeur a levier format 21x29 7 cm dos extra large 80 mm jaune 
20825;classeur a levier format 21x29 7 cm dos extra large 80 mm lilas 
64200;classeur a levier format 21x29 7 cm dos extra large 80 mm noir 
20826;classeur a levier format 21x29 7 cm dos extra large 80 mm orange 
64201;classeur a levier format 21x29 7 cm dos extra large 80 mm rouge 
64202;classeur a levier format 21x29 7 cm dos extra large 80 mm vert 
20824;classeur a levier format 21 x 29 7 cm dos extra large 80 mm vert 
13517;sachet 50 feuille mobiles 100 pages format 17x22 cm seyes 90g blanc 
13540;tui 100 feuille mobiles 200 pages format 17x22 cm seyes 90g blanc 
14101;sachet 50 feuille mobiles 100 pages format 17x22 cm seyes 80g coloris bleu 
13521;sachet 50 feuille mobiles 100 pages format 17x22 cm seyes 80g coloris jaune 
13522;sachet 50 feuille mobiles 100 pages format 17x22 cm seyes 80g coloris rose 
13520;sachet 50 feuille mobiles 100 pages format 17x22 cm seyes 80g coloris vert 
47808;sachet 50 feuille mobiles 100 pages format 21x29 7 cm seyes 80g blanc 
25050;sachet 200 feuille mobiles 400 pages format a4 seyes 80g blanc 
13528;sachet 50 feuille mobiles 100 pages format 21x29 7cm seyes 90g blanc 
79660;tui 500 pages 250 feuille mobiles format a4 seyes 90g 
13534;sachet 50 feuille mobiles format a4 quadrille 5x5 papier blanc 90g 
31630;sachet 50 feuille mobiles dessin 100 pages format 21x29 7 cm 120g uni blanc 
13529;sachet 50 feuille mobiles 100 pages format 21x29 7cm seyes 80g coloris bleu 
13531;sachet 50 feuille mobiles 100 pages format 21x29 7cm seyes 80g coloris jaune 
13532;sachet 50 feuille mobiles 100 pages format 21x29 7cm seyes 80g coloris rose 
13530;sachet 50 feuille mobiles 100 pages format 21x29 7cm seyes 80g coloris vert 
27946;etui 100 feuille mobiles 200 pages format a4 seyes 90g coloris assortis 
47809;sachet 50 feuilles doubles copies doubles 200 pages perforees format 17x22 cm seyes 70g blanc 
11519;tui 50 feuilles doubles copies doubles perforees 200 pages format 21x29 7 cm seyes 90g blanc 
25051;sachet 100 feuilles doubles copies doubles 400 pages format a4 seyes 70g blanc 
11500;sachet 50 feuilles doubles copies doubles 200 pages perforees format 21x29 7 cm quadrille 5x5 70g blanc 
47810;sachet 50 feuilles doubles copies doubles 200 pages perforees format 21x29 7 cm seyes 70g blanc 
11497;sachet 50 feuilles doubles copies doubles 200 pages non perforees format 21x29 7 cm quadrille 5x5 70g blanc 
11496;sachet 50 feuilles doubles copies doubles 200 pages non perforees format 21x29 7 cm seyes 70g blanc 
82047;bloc cours 200 pages perforees format a4 papier seyes blanc 90g 
43027;sachet 100 pochettes perforees polypropylene 5 100eme aspect graine format a4 a classer 
64159;sachet 50 pochettes perforees polypropylene 5 100eme aspect lisse format a4 
43028;sachet 100 pochettes perforees polypropylene 5 100eme aspect lisse format a4 
64155;sachet 100 pochettes perforees polypropylene aspect lisse format 21x29 7 cm epaisseur 7 5 100e 
64159;sachet 50 pochettes perforees polypropylene format 21x29 7 cm epaisseur 9 100eme 
22809;boite 100 pochettes perforees polypropylene 9 100eme 
35271;jeu 6 intercalaires intercalaire a touches neutres 17x22 cm carte lustree 225 g couleurs assorties 
11256;jeu 6 intercalaires intercalaire a touches neutres carte lustree 220g format a4 
35360;jeu 8 intercalaires intercalaire a touches neutres carte lustree 220g format a4 
11262;jeu 12 intercalaires intercalaire a touches neutres carte lustree 220g format a4 
33146;jeu 6 intercalaires intercalaire a touches neutres carte lustree 220g format a4 
33147;jeu 12 intercalaires intercalaire a touches neutres carte lustree 220g format a4 
54339;jeu 6 intercalaires intercalaire polypropylene 12 100eme format a4 couleurs assorties 
27534;jeu 8 intercalaires intercalaire couleur polypropylene format a4 12 100e 
54338;jeu 12 intercalaires intercalaire polypropylene 12 100eme format a4 couleurs assorties 
54340;intercalaires intercalaire 6 positions polypropylene pochettes perforees a4 
54341;intercalaires intercalaire 12 positions polypropylene pochette perforees a4 
13336;blister 160 oeillets adhesifs 
64234;paquet 100 fiches bristol non perforees carte forte 210 g blanc uni 14 8x21 cm 
13633;boite 100 fiches bristol perforees carte forte 210 g blanc quadrille 5x5 format 12 5 x 20 cm 
32054;paquet 50 fiches bristol perforees carte forte 210 g blanc quadrille 5x5 format 17 x 22 cm 
34529;paquet 10 pochettes chemises 170g forever 180 format 24x32 cm coloris assortis 
42751;pochettes chemise 3 rabats a elastiques carte lustree 5 10eme format 17x22 cm 
42025;pochettes chemise 3 rabats a elastiques polypropylene opaque 4 10eme format 24x32 cm coloris bleu 
42026;pochettes chemise 3 rabats a elastiques polypropylene opaque 4 10eme format 24x32 cm coloris rouge 
42027;pochettes chemise 3 rabats a elastiques polypropylene opaque 4 10eme format 24x32 cm coloris vert 
42028;pochettes chemise 3 rabats a elastiques polypropylene opaque 4 10eme format 24x32 cm coloris noir 
55906;pochettes chemise 3 rabats a elastiques polypropylene opaque 4 10eme format 24x32 cm coloris jaune 
74849;pochettes chemise 3 rabats a elastiques polypropylene opaque 4 10eme format 24x32 cm coloris violet 
74850;pochettes chemise 3 rabats a elastiques polypropylene opaque 4 10eme format 24x32 cm coloris bordeaux 
74851;pochettes chemise 3 rabats a elastiques polypropylene opaque 4 10eme format 24x32 cm coloris gris clair 
76136U50;pochettes chemise 3 rabats a elastiques polypropylene opaque 4 10eme format 24x32 cm 
67219;pochettes chemise 3 rabats a elastiques memphis polypropylene opaque 5 10eme coloris bleu 
67220;pochettes chemise 3 rabats a elastiques memphis polypropylene opaque 5 10eme coloris noir 
67221;pochettes chemise 3 rabats a elastiques memphis polypropylene opaque 5 10eme coloris rouge 
67222;pochettes chemise 3 rabats a elastiques memphis polypropylene opaque 5 10eme coloris vert 
67223;pochettes chemise 3 rabats a elastiques memphis polypropylene opaque 5 10eme coloris jaune 
51042;pochettes chemise personnalisable 3 rabats a elastiques format 24x32 cm assortis 
67276;pochettes chemise personnalisable 3 rabats a elastiques format 24x32 cm incolore 
63036;pochettes chemise 3 rabats a elastiques top file carte lustree 4 10e 390g bleu 
70456;pochettes chemise 3 rabats a elastiques top file carte lustree 4 10e 390g bleu fonce 
63038;pochettes chemise 3 rabats a elastiques top file carte lustree 4 10e 390g rouge 
63040;pochettes chemise 3 rabats a elastiques top file carte lustree 4 10e 390g orange 
63044;pochettes chemise 3 rabats a elastiques top file carte lustree 4 10e 390g jaune 
33334;pochettes chemise 3 rabats a elastiques top file carte lustree 4 10e 390g beige 
63039;pochettes chemise 3 rabats a elastiques top file carte lustree 4 10e 390g vert 
63046;pochettes chemise 3 rabats a elastiques top file carte lustree 4 10e 390g vert pastel 
33335;pochettes chemise 3 rabats a elastiques top file carte lustree 4 10e 390g rose 
63042;pochettes chemise 3 rabats a elastiques top file carte lustree 4 10e 390g prune 
29692;pochettes chemise 3 rabats a elastiques carte lustree 5 10eme 350g violet 
63043;pochettes chemise 3 rabats a elastiques top file carte lustree 4 10e 390g bleu clair 
70457;pochettes chemise 3 rabats a elastiques top file carte lustree 4 10e 390g gris 
63037;pochettes chemise 3 rabats a elastiques top file carte lustree 4 10e 390g noir 
76123U50;pochettes chemise 3 rabats a elastiques top file carte lustree 4 10e 390g format 24x32 cm 
6872;paquet 5 pochettes chemises 3 rabats a elastiques top file carte lustree 4 10e 390g coloris pastel assortis 
6873;paquet 5 pochettes chemises 3 rabats a elastiques top file carte lustree 4 10e 390g coloris frais assortis 
4800;pochettes chemise sans rabat a elastiques carte lustree 5 10eme format 24x32 cm coloris bleu 
4803;pochettes chemise sans rabat a elastiques carte lustree 5 10eme format 24x32 cm coloris jaune 
4801;pochettes chemise sans rabat a elastiques carte lustree 5 10eme format 24x32 cm coloris rouge 
4802;pochettes chemise sans rabat a elastiques carte lustree 5 10eme format 24x32 cm coloris vert 
4804;pochettes chemise sans rabat a elastiques carte lustree 5 10eme format 24x32 cm coloris orange 
29514U05;enveloppe polypropylene incolore format a4 fermeture bouton pression 
48392;trieur carte lustree 5 10eme fermeture elastiques 6 compartiments 
48394;trieur carte lustree 5 10eme fermeture elastiques 12 compartiments 
39182;trieur polypropylene color fresh 6 compartiments 3 rabats elastiques 
3400;trieur polypropylene color fresh 8 compartiments 3 rabats elastiques 
3406;trieur polypropylene color fresh 12 compartiments 3 rabats elastiques 
4752;trieur polypropylene 3 rabats elastiques 8 compartiments coloris noir 
4753;trieur polypropylene 3 rabats elastiques 12 compartiments coloris noir 
74611;trieur polypropylene elastiques 8 compartiments couverture coloris noir 
74612;trieur polypropylene elastiques 12 compartiments couverture coloris noir 
64150;sachet 10 pochettes coin polypropylene 12 100eme format a4 incolore 
39179;sachet 10 pochettes coin polypropylene 12 100eme format a4 coloris assortis 
22960;sac 10 pochettes coin polypropylene 14 100eme incolore 
12797;dictionnaire larousse debutants cp 
12796;dictionnaire larousse maxi debutants ce1 ce2 cm1 cm2 
47422;dictionnaire robert junior a 6eme 
33701;dictionnaire super major cm1 a 6eme 
82115;dictionnaire larousse college sixieme a troisieme 
12787;dictionnaire petit larousse illustre 2023 
71931;dictionnaire larousse poche 2023 
4588;dictionnaire larousse francais anglais college 
4589;dictionnaire larousse francais allemand college 
4590;dictionnaire larousse francais espagnol college 
21843;calculatrice poche 10 chiffres business 
12793;bescherelle conjugaison tous 
12794;bescherelle orthographe tous 
12795;bescherelle grammaire tous 
26733;bescherelle vocabulaire tous 
4714;dictionnaire poche francais anglais hachette 
4715;dictionnaire poche francais allemand hachette langenscheidt 
4716;dictionnaire poche francais espagnol hachette vox 
24492;machine a calculer poche scolaire texas ti 106ii 
76494U12;crayon triangulaire graphite hb groove slim 
14553;crayon easygraph droitier 
14552;crayon easygraph gaucher 
4588;dictionnaire larousse francais anglais college 
4589;dictionnaire larousse francais allemand college 
4590;dictionnaire larousse francais espagnol college 
21843;calculatrice poche 10 chiffres business 
12793;bescherelle conjugaison tous 
12794;bescherelle orthographe tous 
12795;bescherelle grammaire tous 
26733;bescherelle vocabulaire tous 
4714;dictionnaire poche francais anglais hachette 
4715;dictionnaire poche francais allemand hachette langenscheidt 
4716;dictionnaire poche francais espagnol hachette vox 
24492;machine a calculer poche scolaire texas ti 106ii 
76494U12;crayon triangulaire graphite hb groove slim 
14553;crayon easygraph droitier 
14552;crayon easygraph gaucher 
79009U12;crayon graphite hb bout majuscule 
78568U12;crayon graphite majuscule 2h 
78569U12;crayon graphite majuscule h 
78570U12;crayon graphite majuscule b 
78571U12;crayon graphite majuscule 2b 
78567U12;crayon graphite majuscule hb 
11685U12;crayon volution hb 
84062U12;crayon graphite hexagonal bois naturel vernis hb 
67647;etui 12 mines graphite 0 5mm hb 
67648;etui 12 mines graphite 0 7mm hb 
78660U12;porte mine bic matic grip 0 7 mm 
35454U12;porte mines matic 0 5 mm hb 
78661U12;porte mines jetable matic classique 0 7 mm hb 
78556U50;porte mines bic matic ecolutions 0 7mm 
12608;stylo bille bic cristal pointe fine bleu 
12609;stylo bille bic cristal pointe fine noir 
12610;stylo bille bic cristal pointe fine rouge 
12611;stylo bille bic cristal pointe fine vert 
27294;stylo bille inkjoy100 pointe fine bleu 
27295;stylo bille inkjoy100 pointe fine noir 
10;stylo bille bic cristal pointe moyenne bleu 
11;stylo bille bic cristal pointe moyenne noir 
12;stylo bille bic cristal pointe moyenne rouge 
13;stylo bille bic cristal pointe moyenne vert 
21910;stylo bille softgrip bleu 
21911;stylo bille softgrip noir 
21912;stylo bille softgrip rouge 
21913;stylo bille softgrip vert 
84857;stylo bille papermate inkjoy 100 bleu 
84858;stylo bille papermate inkjoy 100 noir 
84859;stylo bille papermate inkjoy 100 rouge 
84860;stylo bille papermate inkjoy 100 vert 
74689;stylo bille softgrip bleu 
74690;stylo bille softgrip noir 
74691;stylo bille softgrip rouge 
74692;stylo bille softgrip vert 
21787;stylo bille slider edge xb bleu 
21788;stylo bille slider edge xb noir 
21789;stylo bille slider edge xb rouge 
21790;stylo bille slider edge xb vert 
40;stylo bille bic 4 colours pointe fine 
34466;stylo bille bic 4 colours pointe moyenne 
80440;stylo bille bic 4 colours fun 
9656;roller effacable frixion pointe fine noir 
9655;roller effacable frixion pointe fine bleu 
9657;roller effacable frixion pointe fine rouge 
9658;roller effacable frixion pointe fine vert 
65383;roller effacable frixion ball bleu 
65384;roller effacable frixion ball noir 
65385;roller effacable frixion ball rouge 
65386;roller effacable frixion ball vert 
26309;pochette 4 rollers effacables frixion ball assortis 
3529;etui 3 recharges stylo frixion pointe fine bleu 
3530;etui 3 recharges stylo frixion pointe fine noir 
3531;etui 3 recharges stylo frixion pointe fine rouge 
3532;etui 3 recharges stylo frixion pointe fine vert 
74676;etui 3 recharges stylo frixion bleu 
74677;etui 3 recharges stylo frixion noir 
74678;etui 3 recharges stylo frixion rouge 
74680;etui 3 recharges stylo frixion vert 
64023;set 6 recharges frixion assortis 
64021;set 6 recharges frixion bleu 
64022;set 6 recharges frixion noir 
3110;porte plume a dessin atome 
17521;boite 12 plumes a dessin atome 
22619;stylo plume easy grip 
27510;stylo plume ecolier smiley 
27511;stylo plume school writer 
34653;etui 6 cartouches internationales bleu 
12911;tui 6 cartouches internationales encre noire 
12912;tui 6 cartouches internationales encre rouge 
37884;sachet 50 cartouches encre courtes internationales bleu 
27509;stylo roller a cartouche smiley 
24876;roller a cartouche encre easy pointe moyenne 
2300;effaceur reecriveur 2 pointes fines magic 
60174;effaceur reecriveur biseau encre bleue 2 pointes 
67670;stylo feutre pointe fine baguee bleu 
67671;stylo feutre pointe fine baguee noir 
67672;stylo feutre pointe fine baguee rouge 
67673;stylo feutre pointe fine baguee vert 
20794;feutre stabilo point 88 pointe fine bleu 
20795;feutre stabilo point 88 pointe fine noir 
34851;pochette 15 feutres stabilo point88 pointe fine assortis 
89697;feutre visa 880 bleu 
89698;feutre visa 880 noir 
89699;feutre visa 880 rouge 
1521;stylo feutre nylon flair noir 
1520;stylo feutre nylon flair bleu 
63003;marqueur permanent indelebile universel first pointe ogive 1 a 3 mm bleu 
63004;marqueur permanent indelebile universel first pointe ogive 1 a 3mm noir 
63005;marqueur permanent indelebile universel first pointe ogive 1 a 3 mm rouge 
63006;marqueur permanent indelebile universel first pointe ogive 1 a 3 mm vert 
63012;pochette 4 marqueurs permanents indelebiles universel first pointe ogive 1 a 3 mm assortis 
1260;feutre effacable a sec pointe fine 1 5 mm bleu 
1261;feutre effacable a sec pointe fine 1 5 mm noir 
1262;feutre effacable a sec pointe fine 1 5 mm rouge 
1263;feutre effacable a sec pointe fine 1 5 mm vert 
22668;feutre tableau blanc pointe fine ogive bleu 
22669;feutre tableau blanc pointe fine ogive noir 
22670;feutre tableau blanc pointe fine ogive rouge 
22671;feutre tableau blanc pointe fine ogive vert 
22672;etui 4 feutres tableau blanc pointe fine ogive assortis 
15005;pochette 4 feutres effacables a sec pointe fine ogive 1 mm 
15014;pochette 8 feutres effacables a sec pointe fine 1 mm 
1280;marqueur effacable a sec velleda pointe moyenne ogive bleu 
1281;marqueur effacable a sec velleda pointe moyenne ogive noir 
1282;marqueur effacable a sec velleda pointe moyenne ogive rouge 
1283;marqueur effacable a sec velleda pointe moyenne ogive vert 
15029;pochette 4 marqueurs effacables a sec velleda pointe moyenne 2 mm assortis 
15030;pochette 6 marqueurs effacables a sec velleda pointe moyenne 2 mm assortis 
15031;pochette 8 marqueurs effacables a sec velleda pointe moyenne 2 mm assortis 
22674;feutre tableau blanc pointe moyenne ogive bleu 
22675;feutre tableau blanc pointe moyenne ogive noir 
22676;feutre tableau blanc pointe moyenne ogive rouge 
22677;feutre tableau blanc pointe moyenne ogive vert 
22678;etui 4 feutres tableau blanc pointe moyenne ogive assortis 
36021;etui 6 feutres tableau blanc pointe moyenne ogive assortis 
15021;marqueur tableau blanc velleda 1711  effacable a sec pointe ogive bleu 
15022;marqueur tableau blanc velleda 1711  effacable a sec pointe ogive noir 
15023;marqueur tableau blanc velleda 1711 effacable a sec pointe ogive rouge 
15024;marqueur tableau blanc velleda 1711 effacable a sec pointe ogive vert 
3067;etui 4 marqueurs tableau velleda 1701 assortis 
3066;marqueur tableau velleda 1701 vert 
3065;marqueur tableau velleda 1701 rouge 
3064;marqueur tableau velleda 1701 noir 
3063;marqueur tableau velleda 1701 bleu 
15004;pochette 4 marqueurs tableau blanc velleda 1711 effacable a sec pointe ogive assorti 
62996;surligneur large grip mfirst jaune fluo
62998;surligneur large grip mfirst rose fluo
63000;surligneur large grip mfirst orange fluo
62997;surligneur large grip mfirst vert fluo
62999;surligneur large grip mfirst bleu fluo
63001;pochette 4 surligneurs larges grip mfirst assortis fluo
63002;pochette 6 surligneurs larges grip mfirst assortis fluo
64132;surligneur large jaune fluo
64134;surligneur large rose fluo
64136;surligneur large orange fluo 
64133;surligneur large vert fluo 
64135;surligneur large bleu fluo 
82336;surligneur large rouge fluo 
70487;pochette 4 surligneurs large assortis fluo 
82340;pochette 6 surligneurs large assortis fluo 
82341;pochette 8 surligneurs large assortis fluo 
59292;surligneur poche jaune fluo
59294;surligneur poche rose fluo
59296;surligneur poche orange fluo
59293;surligneur poche vert fluo
59295;surligneur poche bleu fluo
59652;pochette 6 surligneurs poche assortis fluo
33290;surligneur highlighter grip jaune fluo
33293;surligneur highlighter grip orange fluo
33291;surligneur highlighter grip rose fluo
33292;surligneur highlighter grip vert fluo
33294;pochette 5 surligneurs highlighter grip assortis fluo
1423;surligneur stabilo boss trace 2 a 5 mm pointe biseautee jaune fluo
1425;surligneur stabilo boss trace 2 a 5 mm pointe biseautee rose fluo
36667;pochette 4 surligneurs stabilo boss encre universelle fluorescente assortis jaune rose vert orange fluo
44244;correcteur mini mouse 5 mm x 6 
68436;fourre tout rond assortis 
68437;fourre tout plat assortis 
15221;trousse double plateau rouge 
34848;correcteur frontal jetable 5mm x 8m 
77883;correcteur tippex easy refill 5 mm x 14m 
78564;recharge correcteur tippex 
7510;taille crayons metal 1 usage 
7520;taille crayons metal 2 usages 
11969;taille crayons bulbo 1 usage reserve 
33125;taille crayon eco 2 usages plastique reserve 
72236;taille crayons metal reserve plastique 2 usages 
7550;taille crayons plastique reserve 2 usages 
4490;taille crayon color peps 2 usages 
35329;gomme plastique 
22700;gomme plastique technic 600 green 
2130;gomme mars plastique 
35345U40;gomme crayon 
35346U40;gomme bicolore encre crayon petit modele 
35325;ciseaux bouts ronds anneaux plastique 13 cm droitier 
48225;ciseaux bouts ronds anneaux plastique 13 cm gaucher 
21536;ciseaux majuscule droitier 13cm 
21537;ciseaux majuscule gaucher 13cm 
32758;ciseaux bouts ronds 13cm 
59936;ciseaux tempor bouts ronds 16 cm lames acier inoxydable auto affutantes 
59666;ciseaux 17 cm bouts pointus soft blue 
59667;ciseaux 21cm bouts pointus soft blue 
64189;ciseaux ambidextre anneaux plastique bouts pointus lames acier inoxydable auto affutantes 17 
34581;compas scolaire a bague universelle branches galbees plastique 
59940;compas scolaire a bague universelle maped essentials 
58084;compas scolaire a bague universelle crayon maped study 
11971;coffret compas system innovation maped 
27135;compas a bague maped stop and safe plastique 
60825;compas scolaire maped stop system 
34580;compas scolaire a mine 2mm rechargeable branches galbees plastique 
76620;compas scolaire basique mine 2 mm 
70086;blister 12 mines 2mm compas 1 taille mine 
83083;coffret compas scolaire metal 3 pieces 
MAP369000;compas mine maped metal open 
79842;regle plate plastique 20 cm 
78324;regle plate cristal 30 cm 
79846;double decimetre plastique cristal 
81580;triple decimetre plastique cristal 
77882;set 4 articles tracage economique 
79843;equerre cristal graduee 45 21 cm 
79844;equerre plastique graduee 60 16 cm 
79845;equerre plastique graduee 60 21 cm 
54097;equerre geometrique 16 cm 
79847;rapporteur cristal gradue 12 cm 180 
3954;rapporteur cristal 360 degres 12cm 
72526;double decimetre incassable maped study 
72527;triple decimetre incassable maped study 
39098;regle plate 20cm incassable maped study 
72528;regle plate incassable 30 cm maped study 
7890;double decimetre incassable 
7914;regle plate 20cm incassable 
7892;regle plate 30cm incassable 
27429;regle equerre 17cm 
6342;regle equerre 20cm 
6035;regle equerre 2 1 polypropylene 20cm maped 
7889;set 4 pieces tracage incassable 
44046;set 4 articles tracage incassable maped study 
79822;equerre plastique incassable 21 cm 45 maped study 
79821;equerre plastique incassable 20 cm 60 maped study 
86535;equerre 60 degres 21cm incassable 
3952;rapporteur geometrie 360 
80139;rapporteur incassable 12 cm 180 maped study 
7895;rapporteur 180 degres 12cm incassable 
50048;reglet inox 2 faces 30 cm 
39282;set 3 articles tracage aluminium 
10170;ardoise naturelle cadre bois 1 face quadrillee 18x26 cm 
12562;pochette douze crayons ardoise enrobes bois 
13280;boite epongette ardoise diametre 65mm 
7950;chiffonnette chiffon microfibre 20x20cm 
68250;ardoise effacable a sec 1 face uni 1 face quadrillee seyes format 20x28cm couleurs assorties 
4495;ardoise effacable a sec 1 cote uni 1 cote seyes incassable 
51135;ardoise effacable a sec 1 face unie 1 face quadrillee format 19x26 cm 
11440;tube 30 ml colle universelle transparente liquide 
74840;tube 30 ml colle gel universelle 
11446;tube 30ml colle scotch net 
33317;b colle 8g cleostick 
33318;b colle 21g cleostick 
33319;b colle 36g cleostick 
11462;b colle stick petit modele uhu 8 2 g 
11463;b colle stick 21g uhu 
11464;b colle blanche stick geant uhu 40 g 
79576;lot 5 b tons colle scotch 8g colle blanche 
79576U05;b colle scotch 8g colle blanche 
26378;lot 5 b tons colle blanche 21g scotch 
26378U05;b colle scotch 21g colle blanche 
71966;b colle 8g stick colle 
71967;b colle 25g stick colle 
71968;baton colle 36g stick colle 
7931;b colle blanche 40g 
61331;rouleau adhesif ruban adhesif transparent 19 mm x 33 
62871;rouleau adhesif ruban adhesif transparent 19 mm x 33 a marque business 
18268;rouleau scotch ruban adhesif crystal transparent 19 mm x 7 5 devidoir 
67954;rouleau adhesif ruban adhesif invisible 19 mm x 33 
61092;rouleau adhesif ruban adhesif invisible 19 mm x 33 a marque first 
18281;rouleau adhesif ruban adhesif scotch magic invisible 19 mm x 33 
18283;rouleau adhesif ruban adhesif invisible scotch magic devidoir dimensions 19 mmx7 5m 
58429;ramette 500 feuilles papier blanc 80g format a4 budget 
58431;ramette 500 feuilles papier blanc 80g format a4 business 
58435;ramette 500 feuilles papier blanc 80g format a4 first 
13334;pochette 210 etiquettes ecole format 36x56 mm 
31865;blister 20 etiquettes adhesives blanches format 56x36 mm 
38568;plaque porte bloc plastique pince format a4 
49381;porte bloc cristal format 21x29 7 cm 
63205;bloc bureau 100 feuilles 60g format a6 quadrille 5x5 
63206;bloc bureau 100 feuilles 60g format a5 quadrille 5x5 
63207;bloc bureau 100 feuilles 60g format a4 quadrille 5x5 
73685;bloc steno spirale 180 pages format a5 uni 60 g 
68017;agrafeuse poche mini 24 6 26 6 15 feuilles 
70368;boite 1 000 agrafes 26 6 
10104;boite 1 000 agrafes 24 6 
16575;perforateur perforatrice 1 trou 
72821;cle usb rainbow 4 go 
72822;cle usb rainbow 8 go 
75283;cle usb rainbow 16 go 
20319;cle usb rainbow 32 go 
2982;ecouteurs stereo jack 3 5 mm 
24113;cadenas surete a cles 40mm 
61723;cadenas a clefs laiton 30mm 
9040;paquet 60 lingettes antibacteriennes en1276 
78756;boite distributrice 100 mouchoirs 
78757;lot 2 rouleaux essuie tout menager 2 plis 
61770;flacon pompe 500ml creme lavante 
62697;ciseaux universels first anneaux symetriques plastique bouts pointus 17cm 
62698;ciseaux universels first anneaux asymetriques plastique bouts pointus 21cm 
18998;symbole tactique otan 
32913;trace cercles pairs impairs 1 a 30 mm 
11490;compas technique serie laiton mine 2 mm double articulation allonge incorporee pointe seche r 
82914;coffret compas 4 accessoires 
74560U10;chemise 3 rabats a elastiques memphis polypropylene 
49028;boite classement eurofolio carte grainee dos 40 mm bleu 
49027;boite classement eurofolio carte grainee dos 40 mm noir 
78463;protege documents personnalisable 80 pochettes 160 vues format a4 21x29 7 cm 
78466;protege documents personnalisable 100 pochettes 200 vues format a4 21x29 7 cm 5 couleurs assort porte vues 
13634;etui 100 fiches bristol perforees carte forte 210 g blanc quadrille 5x5 format 14 8 x 21 cm 
13637;etui 100 fiches bristol perforees carte forte 210 g couleurs assorties quadrille 5x5 format 10 x 
13638;boite 100 fiches bristol perforees carte forte 210 g couleurs assorties quadrille 5x5 format 12 5 
40315;cadenas metal a combinaison 3 chiffres noir 
16299;ecouteur filaire kit pieton prise jack blanc 
16298;ecouteur filaire kit pieton prise jack noir 
26932;casque micro stereo usb 
78841;casque stereo micro tube 
73034;machine a calculer scientifique casio fx92 speciale college 
37367;machine a calculer graphique casio graph 90 e 
67587;ardoise effacable a sec 20 x 28 5 cm face unie dessiner face seyes ecrire 
00BL0;blouse taille 0 36 38 tour poitrine 82 a 87 cm 
00BL1;blouse taille 1 40 42 tour poitrine 88 a 95cm 
00BL2;blouse taille 2 44 46 tour poitrine 96 a 103cm 
00BL3;blouse taille 3 48 50 tour poitrine 104 a 111 
00BL4;blouse taille 4 52 54 tour poitrine 112 a 119cm 
HANDI;kit plio handicap international 10 couvres livres 
MAP121651;compas metal maped coffret origin 
utrhgtr;stylo bleu
